Common name,Scientific name,,Color,PowerCategory,Power text,Predator,Flocking,Bonus card,Victory points,Nest type,Egg capacity,Wingspan,Forest,Grassland,Wetland,Invertebrate,Seed,Fruit,Fish,Rodent,Wild (food),/ (food cost),* (food cost),Total food cost,Anatomist,Cartographer,Historian,Photographer,Backyard Birder,Bird Bander,Bird Counter,Bird Feeder,Citizen Scientist,Diet Specialist,Enclosure Builder,Falconer,Fishery Manager,Food Web Expert,Forester,Large Bird Specialist,Nest Box Builder,Omnivore Expert,Passerine Specialist,Platform Builder,Prairie Manager,Rodentologist,Viticulturalist,Wetland Scientist,Wildlife Gardener
,,,,,,,,,,,,,,,,,,,,,,,,,22%,21%,11%,34%,42%,31%,15%,44%,21%,29%,31%,13%,18%,9%,24%,35%,31%,16%,35%,31%,19%,15%,22%,26%,31%
,,,,,,,,,,,,,,,,,,,,,,,,,23.4%,22.6%,11.1%,34.5%,43.3%,31.0%,14.9%,43.7%,22.2%,28.7%,32.6%,12.3%,16.9%,10.0%,24.5%,34.1%,31.4%,16.9%,34.9%,31.0%,18.4%,14.9%,21.5%,26.1%,31.4%
Acorn Woodpecker,Melanerpes formicivorus,originalcore,Brown,Caching Food,Gain 1 [seed] from the birdfeeder (if available). You may cache it on this card.,,,,5,Cavity,4,46,X,,,,3,,,,,,,3,,,,,,,,X,,X,,,,,X,,X,,,,,,,,
American Avocet ,Recurvirostra americana,originalcore,Pink,Egg-laying,"When another player takes the ""lay eggs"" action, this bird lays 1 [egg] on another bird with a [ground] nest.",,,,6,Ground,2,79,,,X,2,1,,,,,,,3,,X,,,,,,X,,X,X,,,,,X,,,,,,,,X,
American Bittern ,Botaurus lentiginosus,originalcore,Brown,Card-drawing,Player(s) with the fewest [wetland] birds: draw 1 [card].,,,,7,Platform,2,107,,,X,1,,,1,1,,,,3,,X,,,,,,,,X,,,X,,,X,,,,X,,X,,X,
American Coot,Fulica americana,originalcore,Brown,Flocking,"Tuck a [card] from your hand behind this bird. If you do, draw 1 [card].",,X,,3,Platform,5,61,,,X,,1,,,,1,,,2,,X,,,X,,X,X,X,,,,,,,,,X,,X,,,,X,
American Crow ,Corvus brachyrhynchos,originalcore,Brown,Food from Supply,Discard 1 [egg] from any of your other birds to gain 1 [wild] from the supply.,,,,4,Platform,2,99,X,X,X,,,,,,1,,,1,,X,,,,X,,,,,,,,,,X,,X,,X,,,,,
American Goldfinch ,Spinus tristis,originalcore,White,Food from Supply,Gain 3 [seed] from the supply.,,,,3,Bowl,3,23,,X,,,2,,,,,,,2,,X,,X,X,,,X,,,,,,,,,,,X,,X,,,,X
American Kestrel ,Falco sparverius,originalcore,Brown,Hunting/Fishing,"Roll all dice not in birdfeeder. If any are [rodent], gain 1 [rodent] and cache it on this card.",X,,,5,Cavity,3,56,,X,,1,,,,1,,,,2,,X,,,,,,,,,,X,,,,,X,,,,X,X,,,
American Oystercatcher,Haematopus palliatus,originalcore,White,Card-drawing,"Draw [card] equal to the number of players +1. Starting with you and proceeding clockwise, each player selects 1 of those cards and places it in their hand. You keep the extra card.",,,,5,Ground,2,81,,,X,2,,,,,,,,2,,X,,,,,,,,,X,,,X,,X,,,,,,,,X,
American Redstart,Setophaga ruticilla,swiftstart,Brown,,Gain 1 [wild] from the birdfeeder.,,,,4,Bowl,4,20,X,,,1,,1,,,,,,2,,X,,X,,,,,,,,,,,X,,,,X,,,,X,,X
American Robin,Turdus migratorius,originalcore,Brown,Flocking,"Tuck a [card] from your hand behind this bird. If you do, draw 1 [card].",,X,,1,Bowl,4,43,X,X,,1,,1,,,,X,,1,,X,,,X,X,X,,X,,,,,,,,,,,,,,X,,X
American White Pelican ,Pelecanus erythrorhynchos,originalcore,Brown,Flocking,Discard a [fish] to tuck 2 [card] from the deck behind this bird.,,X,,5,Ground,1,274,,,X,,,,2,,,,,2,,X,,X,,,X,,X,,X,,X,,,X,,,,,,,,X,
American Woodcock,Scolopax minor,originalcore,,,,,,,9,Ground,2,46,X,X,,2,1,,,,,,,3,,X,,,,X,,X,,X,X,,,,,,,,,,,,,,
Anhinga,Anhinga anhinga,originalcore,Brown,Hunting/Fishing,"Roll all dice not in birdfeeder. If any are [fish], gain 1 [fish] and cache it on this card.",X,,,6,Platform,2,114,,,X,,,,2,,,,,2,,,,,,,,,,,,X,X,,,X,,,,X,,,,X,
Anna's Hummingbird ,Calypte anna,originalcore,Brown,Food from Birdfeeder,"Each player gains 1 [die] from the birdfeeder, starting with the player of your choice.",,,,4,Bowl,2,13,X,X,X,,,,,,1,,,1,,,X,,,X,,,,,,,,,,,,X,X,,,,,,X
Ash-Throated Flycatcher ,Myiarchus cinerascens,originalcore,White,Egg-laying,Lay 1 [egg] on each of your birds with a [cavity] nest.,,,,4,Cavity,4,30,,X,,2,,1,,,,,,3,X,,,X,,,,,,X,,,,,,,X,,X,,X,,X,,
Atlantic Puffin,Fratercula arctica,originalcore,White,Other,Draw 2 new bonus cards and keep 1.,,,X,8,Wild,1,53,,,X,,,,3,,,,,3,,X,,,,,,,,X,X,,X,,,,X,,,X,,,,X,X
Audouin's Gull,Ichthyaetus audouinii,european,Brown,Flocking,Draw 2 [card] from the deck. Tuck 1 behind this bird and keep the other.,,X,,1,Ground,2,132,,,X,,,,1,,1,,,2,,,X,,X,,X,,X,,X,,X,,,X,,X,,,,,,X,
Baird's Sparrow ,Ammodramus bairdii,originalcore,Brown,Egg-laying,Lay 1 [egg] on any bird.,,,,3,Ground,2,23,,X,,1,1,,,,,,,2,,,X,,X,,,X,,,X,,,,,,,,X,,X,,,,
Bald Eagle ,Haliaeetus leucocephalus,originalcore,White,Food from Birdfeeder,Gain all [fish] that are in the birdfeeder.,,,,9,Platform,1,203,,,X,,,,2,1,,,,3,,,,,,,,,,X,,,X,,,X,,,,X,,X,,X,
Baltimore Oriole ,Icterus galbula,originalcore,Brown,Food from Supply,All players gain 1 [fruit] from the supply.,,,,9,Wild,2,30,X,,,1,,2,,,,,,3,,X,,,,,,,,X,X,,,,X,,X,,X,X,,,X,,X
Barn Owl,Tyto alba,originalcore,Brown,Hunting/Fishing,"Roll all dice not in birdfeeder. If any are [rodent], gain 1 [rodent] and cache it on this card.",X,,,5,Cavity,4,107,X,X,X,,,,,2,,,,2,,,,,,X,,,,,,X,,,,X,X,,,,,X,,,
Barn Swallow,Hirundo rustica,originalcore,Brown,Flocking,"Tuck a [card] from your hand behind this bird. If you do, draw 1 [card].",,X,,1,Wild,3,38,,X,X,1,,,,,,,,1,,,,,X,X,X,,X,,X,,,X,,,X,,,X,,,,,X
Barred Owl,Strix varia,originalcore,Brown,Hunting/Fishing,"Look at a [card] from the deck. If <75cm, tuck it behind this bird. If not, discard it.",X,,,3,Cavity,2,107,X,,,,,,,1,,,,1,,,,,X,,,,X,,,X,,,X,X,X,,,,,X,,,
Barrow's Goldeneye ,Bucephala islandica,originalcore,Pink,Egg-laying,"When another player takes the ""lay eggs"" action, this bird lays 1 [egg] on another bird with a [cavity] nest.",,,,5,Cavity,4,71,,,X,1,1,,1,,,,,3,X,,X,X,,,,X,,X,,,X,,,X,X,,,,,,,X,
Bell's Vireo,Vireo bellii,originalcore,White,Other,Draw 2 new bonus cards and keep 1.,,,X,4,Wild,2,18,X,X,,2,,,,,,,,2,,,X,,,X,,,,,X,,,X,,,X,,X,X,,,,,X
Belted Kingfisher ,Megaceryle alcyon,originalcore,Pink,Food from Supply,"When another player plays a [wetland] bird, gain 1 [fish] from the supply.",,,,4,Wild,4,53,,,X,,,,1,,1,,,2,,,,,,,,,,,X,,X,,,,X,X,,X,,,,X,X
Bewick's Wren,Thryomanes bewickii,originalcore,Brown,Other,"If this bird is to the right of all other birds in its habitat, move it to another habitat.",,,,4,Cavity,3,18,X,X,X,2,1,,,,,,,3,,,X,,,X,,X,,X,,,,,,,X,,X,,,,,,
Black Redstart,Phoenicurus ochruros,european,Teal,Egg-laying,Choose a habitat with no [egg]. Lay 1 [egg] on each bird in that habitat.,,,,0,Wild,4,24,,X,,1,1,1,,,,,,3,,,,X,X,,,X,,X,X,,,,,,X,,X,X,X,,X,,X
Black Skimmer ,Rynchops niger,originalcore,Brown,Hunting/Fishing,"Roll all dice not in birdfeeder. If any are [fish], gain 1 [fish] and cache it on this card.",X,,,6,Ground,2,112,,,X,,,,2,,,,,2,,,,X,,,,,,,X,X,X,,,X,,,,,,,,X,
Black Tern,Chlidonias niger,originalcore,Brown,Card-drawing,"Draw 1 [card]. If you do, discard 1 [card] from your hand at the end of your turn.",,,,4,Wild,2,61,,,X,1,,,1,,,X,,1,,,,X,,,,,,,X,,X,,,,X,,,X,,,,X,X
Black Vulture ,Coragyps atratus,originalcore,Pink,Food from Birdfeeder,"When another player's predator succeeds, gain 1 [die] from the birdfeeder.",,,,2,Cavity,1,150,X,,,,,,,,,,,0,,,,X,X,,,,,,,,,,X,X,X,,,,,,,,
Black Woodpecker,Dryocopus martius,european,Brown,Food-related,Gain all [invertebrate] that are in the birdfeeder.,,,,4,Cavity,2,70,X,,,2,,1,,,,,,3,,,,X,,,,,,X,,,,,X,X,X,,,,,,X,,
Black-Bellied Whistling Duck,Dendrocygna autumnalis,originalcore,Brown,Flocking,Discard 1 [seed] to tuck 2 [card] from the deck behind this bird.,,X,,2,Cavity,5,76,,,X,,2,,,,,,,2,X,,,X,X,,X,X,X,,,,,,,X,X,,,,,,,X,
Black-Billed Magpie ,Pica hudsonia,originalcore,Pink,Food from Birdfeeder,"When another player's predator succeeds, gain 1 [die] from the birdfeeder.",,,,3,Wild,3,64,,X,,,,,,,2,,,2,X,,,X,X,,,,,,X,,,,,,X,X,,X,X,,,,X
Black-Chinned Hummingbird,Archilochus alexandri,swiftstart,Brown,,All players gain a [fruit] from the supply.,,,,4,Bowl,2,8,X,X,X,,,,,,1,,,1,X,,,X,,X,,,,,,,,,,,,X,X,,,,,,X
Black-Crowned Night-Heron ,Nycticorax nycticorax,originalcore,Brown,Food from Supply,Discard 1 [egg] from any of your other birds to gain 1 [wild] from the supply.,,,,9,Platform,2,112,,,X,1,,,1,1,,,,3,X,,,X,,,,,,X,,,X,,,X,,,,X,,X,,X,
Black-Headed Gull,Chroicocephalus ridibundus,european,Brown,Food-related,Steal 1 [wild] from another player's supply and add it to your own supply. They gain 1 [die] from the birdfeeder.,,,,3,Ground,2,102,,,X,1,,,,,1,,,2,X,,,X,X,,,,,,X,,,,,X,,X,,,,,,X,
Black-Necked Stilt ,Himantopus mexicanus,originalcore,White,Card-drawing,Draw 2 [card].,,,,4,Ground,2,74,,,X,2,,,,,,,,2,X,,,X,,,,,,,X,,,X,,X,,,,,,,,X,
Black-Tailed Godwit,Limosa limosa,european,White,Other,Draw 1 new bonus card. Then draw 3 [card] and keep 1 of them.,,,X,6,Ground,2,76,,,X,2,1,,,,,,,3,X,,,X,,,,X,,X,X,,,,,X,,,,,,,,X,
Black-Throated Diver,Gavia arctica,european,Brown,Card-drawing,"Discard all remaining face-up [card] and refill the tray. If you do, draw 1 of the new face-up [card].",,,,5,Ground,1,120,,,X,,,,2,,,,,2,X,,,X,,,,,,,X,,X,,,X,,,,,,,,X,
Blue Grosbeak,Passerina caerulea,originalcore,Brown,Other,"If this bird is to the right of all other birds in its habitat, move it to another habitat.",,,,4,Bowl,3,28,X,X,X,1,2,,,,,,,3,X,,,X,,X,,X,,X,,,,,,,,,X,,,,,,X
Blue Jay,Cyanocitta cristata,originalcore,Brown,Caching Food,Gain 1 [seed] from the birdfeeder (if available). You may cache it on this card.,,,,3,Bowl,2,41,X,,,,1,,,,1,,,2,,,,X,X,,,X,,,,,,,X,,,X,,,,,,,X
Blue-Gray Gnatcatcher ,Polioptila caerulea,originalcore,Brown,Food from Supply,Gain 1 [invertebrate] from the supply.,,,,1,Bowl,3,15,X,,,1,,,,,,,,1,,,,X,X,,,,,,,,,X,X,,,,X,,,,,,X
Blue-Winged Warbler,Vermivora cyanoptera,originalcore,,,,,,,8,Bowl,2,20,X,X,,2,,,,,,,,2,X,,,X,,X,,,,,,,,X,,,,,X,,,,,,X
Bluethroat,Luscinia svecica,european,Brown,Food-related,Choose a food type. All players gain 1 of that food from the supply.,,,,7,Ground,5,22,,X,X,1,1,1,,,,,,3,X,,,X,,X,,X,,X,X,,,,,,,,X,,,,X,,
Bobolink,Dolichonyx oryzivorus,originalcore,White,Egg-laying,Lay 1 [egg] on each of your birds with a [ground] nest.,,,,4,Ground,3,30,,X,,1,2,,,,,,,3,,,,,,,,X,,X,X,,,,,,,,X,,X,,,,
Bonelli's Eagle,Aquila fasciata,european,White,Hunting and Fishing,"For each [rodent] in this bird's cost, you may pay 1 [card] from your hand instead. If you do, tuck the paid [card] behind this card.",X,,,8,Platform,1,160,X,X,X,,,,,3,,,X,3,,,X,,,X,,,X,X,,X,,,,X,,,,X,,X,,,
Brant,Branta bernicla,swiftstart,White,,Draw the 3 face-up [card] in the bird tray.,,,,3,Ground,2,114,,,X,,1,,,,1,,,2,,,,,X,,,X,,,X,,,,,X,,X,,,,,,X,
Brewer's Blackbird ,Euphagus cyanocephalus,originalcore,Brown,Flocking,"Tuck a [card] from your hand behind this bird. If you do, also lay 1 [egg] on this bird.",,X,,3,Bowl,3,41,,X,,,1,,,,1,,,2,,,X,X,X,,X,X,X,,,,,,,,,X,,,X,,,,X
Broad-Winged Hawk,Buteo platypterus,swiftstart,Brown,,"Roll all dice not in birdfeeder. If any are a [rodent], gain 1 [rodent] and cache it on this card.",X,,,4,Platform,2,85,X,,,,,,,1,,,,1,X,,,,,,,,,,,X,,,X,X,,,,X,,X,,,
Bronzed Cowbird ,Molothrus aeneus,originalcore,Pink,Egg-laying,"When another player takes the ""lay eggs"" action, this bird lays 1 [egg] on another bird with a [bowl] nest.",,,,5,None,0,36,,X,,1,1,,,,,,,2,,,,X,,,,X,,,,,,,,,,,,,X,,,,
Brown Pelican,Pelecanus occidentalis,originalcore,White,Food from Supply,Gain 3 [fish] from the supply.,,,,4,Platform,2,201,,,X,,,,2,,,,,2,,,,X,,,,,,,,,X,,,X,,,,X,,,,X,
Brown-Headed Cowbird ,Molothrus ater,originalcore,Pink,Egg-laying,"When another player takes the ""lay eggs"" action, this bird lays 1 [egg] on another bird with a [bowl] nest.",,,,3,None,0,30,,X,,,1,,,,,,,1,X,,,X,X,,,X,,,,,,,,,,,X,,X,,,,
Bullfinch,Pyrrhula pyrrhula,european,Brown,Food-related,"Reset the birdfeeder. If you do, gain 1 [seed] or [fruit] from the birdfeeder after resetting.",,,,3,Bowl,4,24,X,,,,1,1,,,,,,2,,,,,X,,,X,,,,,,,X,,,,X,,,,X,,X
Burrowing Owl ,Athene cunicularia,originalcore,Brown,Hunting/Fishing,"Roll all dice not in birdfeeder. If any are [rodent], gain 1 [rodent] and cache it on this card.",X,,,5,Wild,4,53,,X,,1,,,,1,,,,2,,,,,,,,,,,X,X,,,,,X,,,X,X,X,,,X
Bushtit,Psaltriparus minimus,originalcore,Brown,Flocking,"Tuck a [card] from your hand behind this bird. If you do, also lay 1 [egg] on this bird.",,X,,2,Wild,5,15,X,X,X,1,1,,,,,,,2,,,,,X,X,X,X,X,,X,,,,,,X,,X,X,,,,,X
California Condor,Gymnogyps californianus,originalcore,White,Other,Draw 2 new bonus cards and keep 1.,,,X,1,Ground,1,277,X,X,X,,,,,,,,,0,,X,,,X,X,,,,,X,,,,,X,,,,,,,,,
California Quail ,Callipepla californica,originalcore,Brown,Egg-laying,Lay 1 [egg] on this bird.,,,,3,Ground,6,36,X,X,,1,2,,,,,,,3,,X,,,X,X,,X,,X,X,,,,,,,,,,,,,,
Canada Goose ,Branta canadensis,originalcore,Brown,Flocking,Discard 1 [seed] to tuck 2 [card] from the deck behind this bird.,,X,,3,Ground,3,132,,X,X,,2,,,,,,,2,,X,,,X,X,X,X,X,,X,,,,,X,,,,,,,,,
Canvasback,Aythya valisineria,swiftstart,Brown,,All players draw 1 [card] from the deck.,,,,4,Wild,4,82,,,X,,1,,,,1,,,2,X,,,,,,,X,,,X,,,,,X,X,X,,X,,,,X,X
Carolina Chickadee ,Poecile carolinensis,originalcore,Brown,Caching Food,Gain 1 [seed] from the supply and cache it on this card.,,,,2,Cavity,3,20,X,,,1,1,,,,,X,,1,,X,,,X,,,X,,,,,,,X,,X,,X,,,,,,
Carolina Wren,Thryothorus ludovicianus,originalcore,White,Card-drawing,Draw 2 [card].,,,,1,Cavity,5,20,X,,,1,,1,,,,X,,1,,X,,,X,,,,,,,,,,X,,X,,X,,,,X,,
Carrion Crow,Corvus corone,european,Teal,Food-related,Choose any 1 player (including yourself). Cache 1 [rodent] from the supply on this bird for each [predator] that player has.,,,,3,Platform,2,92,,X,X,1,,,,,1,,,2,,,,,X,X,,,,,,,,,,X,,X,,X,,,,,
Cassin's Finch,Haemorhous cassinii,originalcore,White,Other,Draw 2 new bonus cards and keep 1.,,,X,4,Bowl,3,30,X,,,,1,1,,,,,,2,,,X,,,,,X,,,,,,,X,,,,X,,,,X,,X
Cassin's Sparrow ,Peucaea cassinii,originalcore,Brown,Egg-laying,Lay 1 [egg] on any bird.,,,,3,Ground,2,20,,X,,1,1,,,,,,,2,,,X,,X,,,X,,,X,,,,,,,,X,,X,,,,
Cedar Waxwing,Bombycilla cedrorum,originalcore,Brown,Flocking,"Tuck a [card] from your hand behind this bird. If you do, gain 1 [fruit] from the supply.",,X,,3,Bowl,3,25,X,X,,,,2,,,,,,2,X,,,,X,X,X,,X,,,,,,,,,,X,,,,X,,X
Cerulean Warbler ,Setophaga cerulea,originalcore,White,Other,Draw 2 new bonus cards and keep 1.,,,X,4,Bowl,2,20,X,,,1,1,,,,,,,2,,,,X,,,,X,,,,,,,X,,,,X,,,,,,X
Cetti's Warbler,Cettia cetti,european,Teal,Other,"This bird counts double toward the end-of-round goal, if it qualifies for the goal.",,,,4,Bowl,3,17,,,X,1,1,,,,,,,2,,,X,,,,,X,,,,,,,,,,,X,,,,,X,X
Chestnut-Collared Longspur ,Calcarius ornatus,originalcore,White,Other,Draw 2 new bonus cards and keep 1.,,,X,5,Ground,4,25,,X,,1,2,,,,,,,3,X,,,X,,,,X,,X,X,,,,,,,,X,,X,,,,
Chihuahuan Raven,Corvus cryptoleucus,originalcore,Brown,Food from Supply,Discard 1 [egg] from any of your other birds to gain 2 [wild] from the supply.,,,,4,Platform,3,112,,X,,,,,,1,2,,,3,,X,,,,,,,,X,,,,,,X,,X,,X,X,X,,,
Chimney Swift,Chaetura pelagica,originalcore,Brown,Other,"If this bird is to the right of all other birds in its habitat, move it to another habitat.",,,,3,Wild,2,36,X,X,X,2,,,,,,,,2,,,,,X,X,,,,,X,,,X,,,X,,,X,,,,,X
Chipping Sparrow ,Spizella passerina,originalcore,Brown,Egg-laying,Lay 1 [egg] on any bird.,,,,1,Bowl,3,23,X,X,,1,1,,,,,X,,1,,,,,X,X,,X,,,,,,,,,,,X,,,,,,X
Clark's Grebe ,Aechmophorus clarkii,originalcore,Brown,Card-drawing,"Draw 1 [card]. If you do, discard 1 [card] from your hand at the end of your turn.",,,,5,Wild,2,61,,,X,,,,1,,,,,1,,,X,,,,,,,,X,,X,,,,X,,,X,,,,X,X
Clark's Nutcracker ,Nucifraga columbiana,originalcore,Brown,Caching Food,Gain 1 [seed] from the birdfeeder (if available). You may cache it on this card.,,,,5,Platform,2,61,X,,,,2,,,,1,,,3,,,X,,,,,X,,X,,,,,X,,,X,,X,,,,,
Coal Tit,Periparus ater,european,Brown,Food-related,"Gain 1 [seed] from the supply and cache it on this card. At any time, you may spend [seed] cached on this card.",,,,2,Cavity,6,16,X,,,1,1,,,,,,,2,,,,X,X,,,X,,,,,,,X,,X,,X,,,,,,
Common Blackbird,Turdus merula,european,White,Other,"Place this bird sideways, so that it covers 2 [forest] spaces. Pay the lower egg cost.",,,,4,Bowl,5,36,X,,,1,,2,,,,,,3,,,,X,,,,,,X,,,,,X,,,,,,,,X,,X
Common Buzzard,Buteo buteo,european,White,Hunting and fishing,"Instead of paying any costs, you may play this bird on top of another bird on your player mat. Discard any eggs and food from that bird. It becomes a tucked card.",X,,,4,Platform,2,123,X,X,X,,,,,1,,,X,1,,,,,,X,,,X,,,X,,,,X,,,,X,,X,,,
Common Chaffinch,Fringilla coelebs,european,Brown,Flocking,Choose 1-5 birds in this habitat. Tuck 1 [card] from your hand behind each.,,X,,4,Bowl,2,23,X,X,,1,1,,,,,X,,1,,,,,,X,X,X,X,,,,,,,,,,X,,,,,,X
Common Chiffchaff,Phylloscopus collybita,european,Brown,Flocking,Choose 1-5 birds in this habitat. Tuck 1 [card] from your hand behind each.,,X,,3,Ground,3,20,X,,X,1,1,1,,,,X,,1,,,,,X,X,X,X,X,,X,,,,,,,,X,,,,X,,
Common Cuckoo,Cuculus canorus,european,Pink,Egg-laying,"When another player takes the ""lay eggs"" action, this bird lays 1 [egg] on another bird with a [bowl] or [ground] nest.",,,,4,None,0,57,X,X,,2,,,,,,,,2,,,,,,X,,,,,,,,X,,,,,,,,,,,
Common Goldeneye,Bucephala clangula,european,Teal,Egg-laying,Lay 1 [egg] on this bird for each other bird with a [cavity] nest that you have.,,,,2,Cavity,4,73,X,,X,1,,,1,,,,,2,X,,,X,X,X,,,,,,,X,,,X,X,,,,,,,,
Common Grackle ,Quiscalus quiscula,originalcore,Brown,Flocking,"Tuck a [card] from your hand behind this bird. If you do, also lay 1 [egg] on this bird.",,X,,3,Bowl,3,43,X,X,X,,1,,,,1,,,2,,,,,X,X,X,X,X,,,,,,,,,X,,,,,,,X
Common Kingfisher,Alcedo atthis,european,Brown,Food-related,Steal 1 [fish] from another player's supply and cache it on this bird. They gain 1 [die] from the birdfeeder.,,,,4,Wild,5,26,,,X,1,,,2,,,,,3,,,,,,,,,,X,X,,X,,,,X,,X,X,,,,X,X
Common Little Bittern,Ixobrychus minutus,european,Brown,Card-drawing,Gain 1 face-up [card] that can live in [grassland].,,,,2,Platform,3,49,,,X,1,,,1,,,,,2,,,,,X,,,,,,,,X,,,,,,,X,,,,X,
Common Loon,Gavia immer,originalcore,Brown,Card-drawing,Player(s) with the fewest [wetland] birds: draw 1 [card].,,,,6,Ground,1,117,,,X,,,,1,,1,,,2,,,,,,,,,,,X,,X,,,X,,X,,,,,,X,
Common Merganser ,Mergus merganser,originalcore,Brown,Hunting/Fishing,"Roll all dice not in birdfeeder. If any are [fish], gain 1 [fish] and cache it on this card.",X,,,5,Cavity,4,86,,,X,,,,1,,1,,,2,,,,,,,,,,,,X,X,,,X,X,X,,,,,,X,
Common Moorhen,Gallinula chloropus,european,Brown,Other,"Discard 1 [wild] from your supply. If you do, play another bird in your [wetland]. Pay its normal food and egg cost.",,,,3,Wild,6,53,,,X,1,1,,1,,,,,3,,X,,,X,,,X,,X,X,,X,,,,X,,,X,,,,X,X
Common Nighthawk ,Chordeiles minor,originalcore,Brown,Other,"If this bird is to the right of all other birds in its habitat, move it to another habitat.",,,,3,Ground,2,56,X,X,X,2,,,,,,,,2,,,,,X,X,,,,,X,,,X,,,,,,,,,,,
Common Nightingale,Luscinia megarhynchos,european,Brown,Food-related,Choose a food type. All players gain 1 of that food from the supply.,,,,3,Bowl,4,23,X,X,X,1,1,1,,,,X,,1,,,,,X,X,,X,,,,,,,,,,,X,,,,X,,X
Common Raven,Corvus corax,originalcore,Brown,Food from Supply,Discard 1 [egg] from any of your other birds to gain 2 [wild] from the supply.,,,,5,Platform,2,135,X,X,X,,,,,1,2,,,3,,,,,,X,,,,X,,,,,,X,,X,,X,,X,,,
Common Starling,Sturnus vulgaris,european,Teal,Flocking,"Discard up to 5 [wild] from your supply. For each, tuck 1 [card] from the deck behind this bird.",,X,,3,Cavity,4,38,,X,X,1,1,1,,,,X,,1,,,,,X,X,X,X,X,,,,,,,,X,,,,,,X,,
Common Swift,Apus apus,european,Teal,Flocking,"Discard up to 5 [invertebrate] from your supply. For each, tuck 1 [card] from the deck behind this bird.",,X,,5,Cavity,2,46,,X,,1,,,,,,,,1,,,,,,,X,,X,,,,,X,,,X,,,,X,,,,
Common Yellowthroat ,Geothlypis trichas,originalcore,Brown,Card-drawing,"Draw 2 [card]. If you do, discard 1 [card] from your hand at the end of your turn.",,,,1,Bowl,4,18,,,X,1,,,,,,,,1,X,,,X,X,,,,,,,,,X,,,,,X,,,,,X,X
Cooper's Hawk ,Accipiter cooperii,originalcore,Brown,Hunting/Fishing,"Look at a [card] from the deck. If <75cm, tuck it behind this bird. If not, discard it.",X,,,3,Platform,2,79,X,,,,,,,1,,,,1,,,X,,X,,,,X,,,X,,,X,X,,,,X,,X,,,
Corsican Nuthatch,Sitta whiteheadi,european,White,Other,Draw 1 new bonus card. Then gain 1 [die] from the birdfeeder.,,,X,4,Cavity,2,21,X,,,,2,,,,,,,2,,X,,,,,,X,,,,,,,X,,X,,X,,,,,,
Dark-Eyed Junco,Junco hyemalis,originalcore,Brown,Flocking,"Tuck a [card] from your hand behind this bird. If you do, gain 1 [seed] from the supply.",,X,,3,Ground,3,23,X,X,,1,1,,,,,,,2,X,,,,X,X,X,X,X,,X,,,,,,,,X,,,,,,
Dickcissel,Spiza americana,originalcore,Brown,Flocking,"Tuck a [card] from your hand behind this bird. If you do, also lay 1 [egg] on this bird.",,X,,4,Ground,3,25,,X,,1,2,,,,,,,3,,,,,,,X,X,X,X,X,,,,,,,,X,,X,,,,
Double-Crested Cormorant ,Phalacrocorax auritus,originalcore,Brown,Flocking,Discard [fish] to tuck 2 [card] from the deck behind this bird.,,X,,3,Platform,3,132,,,X,,,,1,,1,,,2,X,,,,X,,X,,X,,,,X,,,X,,X,,X,,,,X,
Downy Woodpecker ,Picoides pubescens,originalcore,White,Other,Play a second bird in your [forest]. Pay its normal cost.,,,,3,Cavity,2,30,X,,,1,1,1,,,,X,,1,,,,,X,,,X,,,,,,,X,,X,,X,,,,X,,
Dunnock,Prunella modularis,european,Teal,Egg-laying,"Choose 1 other player. For each action cube on their [grassland], lay 1 [egg] on this bird.",,,,1,Bowl,4,20,X,,,1,1,,,,,,,2,,,,,X,,,X,,,,,,,X,,,,X,,,,,,X
Eastern Bluebird,Sialia sialis,originalcore,White,Other,Play a second bird in your [grassland]. Pay its normal cost.,,,,4,Cavity,5,33,,X,,1,,1,,,,,,2,,X,,X,,,,,,,,,,,,,X,,,,X,,X,,
Eastern Imperial Eagle,Aquila heliaca,european,White,Hunting and Fishing,"For each [rodent] in this bird's cost, you may pay 1 [card] from your hand instead. If you do, tuck the paid [card] behind this card.",X,,,7,Platform,2,200,,X,,,,,,3,,,X,3,,X,,,,,,,X,X,,X,,,,X,,,,X,X,X,,,
Eastern Kingbird,Tyrannus tyrannus,originalcore,Pink,Food from Supply,"When another player plays a [forest] bird, gain 1 [invertebrate] from the supply.",,,,2,Bowl,2,38,X,X,X,1,,1,,,,X,,1,,X,,,X,X,,,,,,,,,,,,,,,,,X,,X
Eastern Phoebe ,Sayornis phoebe,originalcore,Brown,Food from Supply,All players gain 1 [invertebrate] from the supply.,,,,3,Wild,4,28,X,X,X,1,,1,,,,X,,1,,X,,,X,X,,,,,X,,,,,,X,,X,X,,,X,,X
Eastern Screech Owl ,Megascops asio,originalcore,Brown,Hunting/Fishing,"Roll all dice not in birdfeeder. If any are [rodent], gain 1 [rodent] and cache it on this card.",X,,,4,Cavity,2,51,X,,,1,,,,1,,X,,1,,X,,,,,,,,,,X,,,X,,X,,,,,X,,,
Eleonora's Falcon,Falco eleonorae,european,Brown,Egg-laying,"Roll all dice not in the birdfeeder. If any are [rodent], place 1 [egg] on this card.",,,,6,Ground,2,95,,,X,1,,,,1,,,,2,,,X,,,,,,,,X,,,,,X,,,,,,X,,X,
Eurasian Collared-Dove,Streptopelia decaocto,european,Teal,Flocking,"Discard up to 5 [wild] from your supply. For each, tuck 1 [card] from the deck behind this bird.",,X,,5,Platform,2,52,,X,,,1,1,,,,,,2,X,X,,,,,X,X,X,,,,,,,,,,,X,X,,X,,
Eurasian Golden Oriole,Oriolus oriolus,european,Pink,Food-related,"When another player takes the ""gain food"" action, gain 1 [invertebrate] or [fruit] from the birdfeeder at the end of their turn.",,,,4,Wild,2,46,X,X,,1,,1,,,1,,,3,,X,,X,,X,,,,X,X,,,,,,X,X,,X,,,X,,X
Eurasian Green Woodpecker,Picus viridis,european,Teal,Other,"This bird counts double toward the end-of-round goal, if it qualifies for the goal.",,,,4,Cavity,3,48,X,X,,,1,1,,,,,,2,,X,,X,,X,,X,,,,,,,,,X,,,,,,X,,
Eurasian Hobby,Falco subbuteo,european,White,Hunting and fishing,"Instead of paying any costs, you may play this bird on top of another bird on your player mat. Discard any eggs and food from that bird. It becomes a tucked card.",X,,,4,Platform,2,75,X,X,X,1,,,,1,,X,X,1,,X,,,,X,,,X,,,X,,,,X,,,,X,,X,,,
Eurasian Jay,Garrulus glandarius,european,Brown,Food-related,Steal 1 [seed] from another player's supply and cache it on this bird. They gain 1 [die] from the birdfeeder.,,,,4,Bowl,3,56,X,,,1,1,,,,1,,,3,,X,,,,,,X,,X,,,,,X,,,X,,,,,,,X
Eurasian Magpie,Pica pica,european,Teal,Food-related,"Choose 1 other player. For each action cube in their [grassland], cache 1 [wild] from the supply on any of your birds.",,,,1,Platform,3,56,,X,,1,,,,,1,,,2,,X,,,X,,,,,,,,,,,,,X,,X,X,,,,
Eurasian Nutcracker,Nucifraga caryocatactes,european,Brown,Food-related,Choose 1-5 birds in your [forest]. Cache 1 [seed] from your supply on each.,,,,5,Bowl,2,55,X,,,,1,,,,,,,1,,X,,,,,,X,,,,,,,X,,,,,,,,,,X
Eurasian Nuthatch,Sitta europaea,european,Brown,Food-related,"Gain 1 [seed] from the supply and cache it on this card. At any time, you may spend [seed] cached on this card.",,,,3,Cavity,3,25,X,,,1,1,,,,,,,2,,X,,,X,,,X,,,,,,,X,,X,,X,,,,,,
Eurasian Sparrowhawk,Accipiter nisus,european,White,Hunting and Fishing,"For each [rodent] in this bird's cost, you may pay 1 [card] from your hand instead. If you do, tuck the paid [card] behind this card.",X,,,4,Platform,2,65,X,,,,,,,1,,,X,1,,X,,,,,,,X,,,X,,,X,,,,,X,,X,,,
Eurasian Tree Sparrow,Passer montanus,european,Pink,Food-related,"When another player takes the ""gain food"" action, gain 1 [seed] from the birdfeeder at the end of their turn.",,,,3,Cavity,4,21,X,X,,1,1,,,,,,,2,,X,,,X,X,,X,,,,,,,,,X,,X,,,,,,
European Bee-Eater,Merops apiaster,european,Brown,Food-related,"Reset the birdfeeder. If you do, gain 1 [invertebrate] from the birdfeeder after resetting.",,,,3,Cavity,3,38,,X,,2,,,,,,,,2,,X,,,X,,,,,,,,,X,,,X,,,,X,,,,
European Goldfinch,Carduelis carduelis,european,Pink,Flocking,"When another player tucks a [card] for any reason, tuck 1 [card] from the deck behind this bird.",,X,,6,Bowl,4,23,X,X,,,2,1,,,,,,3,,X,,X,,X,X,X,X,X,,,,,,,,,X,,,,X,,X
European Honey Buzzard,Pernis apivorus,european,Teal,Food-related,"Reset the birdfeeder. If you do, gain all [invertebrate] in the birdfeeder after resetting.",,,,4,Platform,1,134,X,,,1,,,,,1,,,2,,X,,X,,,,,,,,,,,X,X,,X,,X,,,,,
European Robin,Erithacus rubecula,european,Brown,Food-related,"From the supply, gain 1 food of a type you already gained this turn.",,,,4,Bowl,4,22,X,,,1,1,1,,,,,,3,,X,,,,,,X,,X,,,,,X,,,,X,,,,X,,X
European Roller,Coracias garrulus,european,White,Other,"Place this bird sideways, so that it covers 2 [grassland] spaces. Pay the lower egg cost.",,,,3,Cavity,2,70,,X,,1,,,,1,,,,2,,X,,,X,,,,,,,,,,,X,X,,,,X,X,,,
European Turtle Dove,Streptopelia turtur,european,White,Other,"Draw 1 new bonus card. Then gain 1 [die] from the birdfeeder, lay 1 [egg] on any bird, or draw 1 [card].",,,X,4,Platform,1,51,X,X,X,,2,,,,,,,2,,X,,,,X,,X,,,,,,,,,,,,X,,,,,
Ferruginous Hawk ,Buteo regalis,originalcore,Brown,Hunting/Fishing,"Roll all dice not in birdfeeder. If any are [rodent], gain 1 [rodent] and cache it on this card.",X,,,6,Platform,2,142,,X,,,,,,2,,,,2,,,,X,,,,,,,,X,,,,X,,,,X,X,X,,,
Fish Crow,Corvus ossifragus,originalcore,Brown,Food from Supply,Discard 1 [egg] from any of your other birds to gain 1 [wild] from the supply.,,,,6,Platform,2,91,X,X,X,,,,1,,1,,,2,,,,,,X,,,,,,,X,,,X,,X,,X,,,,,
Forster's Tern ,Sterna forsteri,originalcore,Brown,Card-drawing,"Draw 1 [card]. If you do, discard 1 [card] from your hand at the end of your turn.",,,,4,Wild,2,79,,,X,1,,,1,,,X,,1,,,X,,,,,,,,X,,X,,,X,X,,,X,,,,X,X
Franklin's Gull ,Leucophaeus pipixcan,originalcore,Brown,Card-drawing,Discard 1 [egg] to draw 2 [card].,,,,3,Wild,2,91,,X,X,,,,1,,1,,,2,,,X,,X,X,,,,,X,,X,,,X,X,X,,X,,,,,X
Goldcrest,Regulus regulus,european,Brown,Other,"Discard 1 [card] from your hand. If you do, play another bird in your [forest]. Pay its normal food and egg cost.",,,,1,Bowl,6,15,X,,,1,,,,,,,,1,X,,,X,X,,,,,,,,,X,X,,,,X,,,,,,X
Golden Eagle,Aquila chrysaetos,originalcore,Brown,Hunting/Fishing,"Look at a [card] from the deck. If <100cm, tuck it behind this bird. If not, discard it.",X,,,8,Platform,1,201,,X,X,,,,,3,,,,3,,,,X,,X,,,X,X,,X,,,,X,,,,X,,X,,,
Grasshopper Sparrow ,Ammodramus savannarum,originalcore,Brown,Egg-laying,Lay 1 [egg] on any bird.,,,,2,Ground,2,20,,X,,1,1,,,,,X,,1,,,,,X,,,X,,,X,,,,,,,,X,,X,,,,
Gray Catbird,Dumetella carolinensis,originalcore,Brown,Other,Repeat a brown power on one other bird in this habitat.,,,,5,Bowl,3,28,X,X,X,1,,2,,,,,,3,,,,X,,X,,,,X,,,,,,,,,X,,,,X,,X
Great Blue Heron,Ardea herodias,originalcore,White,Other,Play a second bird in your [wetland]. Pay its normal cost.,,,,5,Platform,2,183,,,X,1,,,1,,,,,2,,,,X,,,,,,,,,X,,,X,,,,X,,,,X,
Great Crested Flycatcher ,Myiarchus crinitus,originalcore,Brown,Food from Birdfeeder,"Gain 1 [invertebrate] from the birdfeeder, if there is one.",,,,5,Cavity,3,33,X,,,1,,1,,,,,,2,X,,,,,,,,,,,,,,X,,X,,,,,,X,,
Great Crested Grebe,Podiceps cristatus,european,Brown,Card-drawing,"Draw 1 [card] for each empty card slot in this row. At the end of your turn, keep 1 and discard the rest.",,,,3,Wild,2,65,,,X,,,,2,,,,,2,X,,,,X,,,,,,X,,X,,,,X,,,X,,,,X,X
Great Egret,Ardea alba,originalcore,White,Other,Play a second bird in your [wetland]. Pay its normal cost.,,,,7,Platform,3,130,,,X,,,,2,1,,,,3,,,,,,,,,,X,,,X,,,X,,,,X,,X,,X,
Great Horned Owl ,Bubo virginianus,originalcore,Brown,Hunting/Fishing,"Look at a [card] from the deck. If <100cm, tuck it behind this bird. If not, discard it.",X,,,8,Platform,2,112,X,,,,,,,3,,,,3,,,,,,,,,X,X,,X,,,X,X,,,,X,,X,,,
Great Tit,Parus major,european,Brown,Food-related,"Reset the birdfeeder. If you do, gain 1 [die] from the birdfeeder after resetting.",,,,4,Cavity,6,24,X,,,1,1,1,,,,,,3,,,,,,,,X,,X,,,,,X,,X,,X,,,,X,,
Greater Flamingo,Phoenicopterus roseus,european,Brown,Flocking,"Choose 1 other player. For each action cube on their [wetland], tuck 1 [card] from your hand behind this bird, then draw an equal number of [card].",,X,,3,Ground,1,152,,,X,1,2,,,,,,,3,,,,,X,,X,X,X,X,X,,,,,X,,,,,,,,X,
Greater Prairie Chicken ,Tympanuchus cupido,originalcore,White,Other,Draw 2 new bonus cards and keep 1.,,,X,5,Ground,4,71,,X,,1,2,,,,,,,3,,X,,,,,,X,,X,X,,,,,X,,,,,X,,,,
Greater Roadrunner ,Geococcyx californianus,originalcore,Brown,Hunting/Fishing,"Look at a [card] from the deck. If <50cm, tuck it behind this bird. If not, discard it.",X,,,7,Platform,2,56,,X,,1,,,,1,1,,,3,,,,,,,,,X,X,,X,,,,,,X,,X,X,X,,,
Green Heron,Butorides virescens,originalcore,Brown,Food from Supply,Trade 1 [wild] for any [wild] from the supply.,,,,4,Platform,3,66,,,X,1,,,1,,,X,,1,,,,X,,,,,,,,,X,,,X,,,,X,,,,X,
Grey Heron,Ardea cinerea,european,White,Other,"Place this bird sideways, so that it covers 2 [wetland] spaces. Pay the lower egg cost.",,,,3,Platform,2,185,,,X,,,,2,,,,,2,,,,X,X,,,,,,,,X,,,X,,,,X,,,,X,
Greylag Goose,Anser anser,european,Teal,Other,"This bird counts double toward the end-of-round goal, if it qualifies for the goal.",,,,7,Ground,2,164,,,X,,3,,,,,,,3,,,,X,,,,X,,X,X,,,,,X,,,,,,,,X,
Griffon Vulture,Gyps fulvus,european,Teal,Food-related,Choose any 1 player (including yourself). Cache 1 [rodent] from the supply on this bird for each [predator] that player has.,,,,1,Platform,1,252,,X,,,,,,,,,,0,,,,,X,,,,,,,,,,,X,,,,X,X,,,,
Hawfinch,Coccothraustes coccothraustes,european,Brown,Food-related,"Reset the birdfeeder. If you do, gain 1 [seed] from the birdfeeder after resetting.",,,,4,Bowl,2,30,X,,,,2,,,,,,,2,,,,,,,,X,,,,,,,X,,,,X,,,,,,X
Hermit Thrush,Catharus guttatus,originalcore,Brown,Food from Birdfeeder,Player(s) with fewest [forest] birds gain 1 [die] from birdfeeder.,,,,7,Wild,2,30,X,,,1,,2,,,,,,3,,,,,,,,,,X,X,,,,X,,X,,X,X,,,X,,X
Hooded Crow,Corvus cornix,european,Teal,Flocking,"Choose 1 other player. For each action cube on their [grassland], tuck 1 [card] from your hand behind this bird, then draw an equal number of [card].",,X,,3,Platform,2,99,,X,X,1,,,,,2,,,3,,,,,X,X,X,,X,X,,,,,,X,,X,,X,,,,,
Hooded Merganser,Lophodytes cucullatus,originalcore,Brown,Other,Repeat 1 [predator] power in this habitat.,,,,5,Cavity,4,61,,,X,1,,,1,,,,,2,,,,,,,,,,,,,X,,,,X,,,,,,,X,
Hooded Warbler,Setophaga citrina,originalcore,,,,,,,7,Bowl,3,18,X,,,2,,,,,,,,2,,,,,,,,,,,,,,X,X,,,,X,,,,,,X
Horned Lark,Eremophila alpestris,originalcore,Pink,Flocking,"When another player plays a [grassland] bird, tuck 1 [card] from your hand behind this bird.",,X,,5,Ground,4,30,,X,,1,1,,,,,,,2,,,,,,,X,X,X,,X,,,,,,,,X,,X,,,,
House Finch,Haemorhous mexicanus,originalcore,Brown,Flocking,"Tuck a [card] from your hand behind this bird. If you do, draw 1 [card].",,X,,3,Bowl,6,25,X,X,X,,1,1,,,,,,2,,,,,X,X,X,X,X,,,,,,,,,,X,,,,X,,X
House Sparrow,Passer domesticus,european,Teal,Flocking,"Discard up to 5 [seed] from your supply. For each, tuck 1 [card] from the deck behind this bird.",,X,,6,Cavity,5,22,,X,,,1,1,,,,,,2,,,,,,,X,X,X,,,,,,,,X,,X,,X,,X,,
House Wren,Troglodytes aedon,originalcore,White,Other,Play a second bird in your [grassland] or [forest]. Pay its normal cost.,,,,1,Cavity,5,15,X,X,,1,,,,,,,,1,,,,,X,X,,,,,,,,X,,,X,,X,,,,,,
Inca Dove,Columbina inca,originalcore,White,Egg-laying,Lay 1 [egg] on each of your birds with a [platform] nest.,,,,2,Platform,4,28,,X,,,2,,,,,,,2,,X,,,X,,,X,,,,,,,,,,,X,X,X,,,,
Indigo Bunting ,Passerina cyanea,originalcore,Brown,Food from Birdfeeder,"Gain 1 [invertebrate] or [fruit] from the birdfeeder, if there is one.",,,,5,Bowl,3,20,X,X,,1,1,1,,,,,,3,,,,X,,X,,X,,X,,,,,,,,,X,,,,X,,X
Juniper Titmouse ,Baeolophus ridgwayi,originalcore,Brown,Caching Food,Gain 1 [seed] from the supply and cache it on this card.,,,,4,Cavity,3,23,X,,,1,1,,,,,,,2,,,,,,,,X,,,,,,,X,,X,,X,,,,,,
Killdeer,Charadrius vociferus,originalcore,Brown,Card-drawing,Discard 1 [egg] to draw 2 [card].,,,,1,Ground,3,46,,X,X,1,1,,,,,X,,1,,,,,X,X,,X,,,X,,,,,,,,,,,,,,
King Rail,Rallus elegans,originalcore,White,Other,Draw 2 new bonus cards and keep 1.,,,X,4,Platform,6,51,,,X,1,,,1,,1,,,3,,,,,,,,,,X,,,X,,,,,X,,X,,,,X,
Lazuli Bunting ,Passerina amoena,originalcore,Brown,Egg-laying,All players lay 1 [egg] on any 1 [bowl] bird. You may lay 1 [egg] on 1 additional [bowl] bird.,,,,4,Bowl,4,23,,X,,1,1,1,,,,,,3,,,,X,,,,X,,X,,,,,,,,,X,,X,,X,,X
Lesser Whitethroat,Sylvia curruca,european,Teal,Egg-laying,Choose a habitat with no [egg]. Lay 1 [egg] on each bird in that habitat.,,,,0,Bowl,2,18,X,X,,1,,1,,,,,,2,X,,,X,X,X,,,,,,,,,,,,,X,,,,X,,X
Lincoln's Sparrow,Melospiza lincolnii,originalcore,Brown,Other,"If this bird is to the right of all other birds in its habitat, move it to another habitat.",,,,3,Ground,2,20,X,X,X,1,1,,,,,,,2,,,X,,X,X,,X,,,X,,,,,,,,X,,,,,,
Little Bustard,Tetrax tetrax,european,White,Other,Draw 1 new bonus card. Then gain 1 [card] or lay 1 [egg] on any bird.,,,X,4,Ground,2,110,,X,,1,1,,,,,,,2,,,,,,,,X,,,X,,,,,X,,,,,X,,,,
Little Owl,Athene noctua,european,Brown,Food-related,Steal 1 [rodent] from another player's supply and cache it on this bird. They gain 1 [die] from the birdfeeder.,,,,4,Cavity,2,56,X,X,,1,,,,1,,,,2,,,,,,X,,,,,,,,,,,X,,,,,X,,,
Loggerhead Shrike,Lanius ludovicianus,originalcore,Pink,Caching Food,"When another player takes the ""gain food"" action, if they gain any number of [rodent], also gain 1 [rodent] from the supply and cache it on this card.",,,,3,Bowl,4,30,,X,X,1,,,,1,,,,2,X,,,,X,X,,,,,,,,,,,,,X,,,X,,,X
Long-Tailed Tit,Aegithalos caudatus,european,White,Other,"Place this bird sideways, so that it covers 2 [forest] spaces. Pay the lower egg cost.",,,,0,Wild,4,18,X,,,1,1,,,,,,,2,X,,,,X,,,X,,,X,,,,X,,X,,X,X,,,,,X
Mallard,Anas platyrhynchos,originalcore,Brown,Card-drawing,Draw 1 [card].,,,,0,Ground,4,89,,,X,1,1,,,,,X,,1,,,,,X,,,X,,,X,,,,,X,,,,,,,,X,
Mississippi Kite,Ictinia mississippiensis,originalcore,Brown,Hunting/Fishing,"Roll all dice not in birdfeeder. If any are [rodent], gain 1 [rodent] and cache it on this card.",X,,,4,Platform,1,79,X,X,,1,,,,1,,X,,1,,X,,,,X,,,,,,X,,,,X,,,,X,,X,,,
Moltoni's Warbler,Sylvia subalpina,european,Teal,Other,"If you used all 4 types of actions this round, play another bird. Pay its normal food and egg cost.",,,,3,Bowl,2,17,,X,,1,,1,,,,,,2,,,X,,X,,,,,,,,,,,,,,X,,X,,X,,X
Montagu's Harrier,Circus pygargus,european,White,Hunting and fishing,"Instead of paying any costs, you may play this bird on top of another bird on your player mat. Discard any eggs and food from that bird. It becomes a tucked card.",X,,,4,Ground,2,113,,X,,,,,,2,,,X,2,,,X,,,,,,X,,X,X,,,,X,,,,,X,X,,,
Mountain Bluebird ,Sialia currucoides,originalcore,White,Other,Play a second bird in your [grassland]. Pay its normal cost.,,,,4,Cavity,5,36,,X,,1,,1,,,,,,2,,X,,X,,,,,,,,,,,,,X,,,,X,,X,,
Mountain Chickadee ,Poecile gambeli,originalcore,Brown,Caching Food,Gain 1 [seed] from the supply and cache it on this card.,,,,2,Cavity,3,23,X,,,1,1,,,,,X,,1,,X,,,X,,,X,,,,,,,X,,X,,X,,,,,,
Mourning Dove ,Zenaida macroura,originalcore,Brown,Egg-laying,Lay 1 [egg] on this bird.,,,,0,Platform,5,46,X,X,X,,1,,,,,,,1,,,,,X,X,,X,,,,,,,,,,,,X,,,,,
Mute Swan,Cygnus olor,european,Brown,Flocking,"Choose 1-3 birds in your [wetland]. Tuck 1 [card] from your hand behind each. If you tuck at least 1 card, draw 1 [card].",,,,4,Ground,3,220,,,X,1,1,,,,1,,,3,,,,,,,,X,X,X,X,,,,,X,,X,,,,,,X,
Northern Bobwhite,Colinus virginianus,originalcore,Brown,Egg-laying,Lay 1 [egg] on this bird.,,,,5,Ground,6,33,,X,,,3,,,,,,,3,,X,,X,,,,X,,X,X,,,,,,,,,,X,,,,
Northern Cardinal ,Cardinalis cardinalis,originalcore,Brown,Food from Supply,Gain 1 [fruit] from the supply.,,,,3,Bowl,5,30,X,,,,1,1,,,,,,2,,X,,,X,,,X,,,,,,,X,,,,X,,,,X,,X
Northern Flicker,Colaptes auratus,originalcore,White,Food from Birdfeeder,Gain all [invertebrate] that are in the birdfeeder.,,,,2,Cavity,4,51,X,X,,1,1,1,,,,X,,1,,X,,,X,X,,X,,,,,,,,,X,,,,,,X,,
Northern Gannet,Morus bassanus,european,Brown,Hunting and fishing,"Roll all dice not in birdfeeder. If any are a [fish], gain that many [fish] from the supply and cache them on this bird.",X,,,5,Ground,1,173,,,X,,,,2,,,,,2,,X,,,,,,,,,X,X,X,,,X,,,,,,,,X,
Northern Goshawk,Accipiter gentilis,european,White,Hunting and Fishing,"For each [rodent] in this bird's cost, you may pay 1 [card] from your hand instead. If you do, tuck the paid [card] behind this card.",X,,,5,Platform,2,106,X,,,,,,,2,,,X,2,,X,,,,,,,X,,,X,,,X,X,,,,X,,X,,,
Northern Harrier ,Circus cyaneus,originalcore,Brown,Hunting/Fishing,"Look at a [card] from the deck. If <75cm, tuck it behind this bird. If not, discard it.",X,,,3,Platform,2,109,,X,X,,,,,1,,,,1,,X,,,X,X,,,X,,,X,,,,X,,,,X,,X,,,
Northern Mockingbird ,Mimus polyglottos,originalcore,Brown,Other,Repeat a brown power on one other bird in this habitat.,,,,2,Bowl,4,36,X,X,X,1,,1,,,,,,2,,X,,,X,X,,,,,,,,,,,,,,,,,X,,X
Northern Shoveler ,Spatula clypeata,originalcore,Brown,Card-drawing,All players draw 1 [card] from the deck.,,,,7,Ground,4,76,,,X,1,2,,,,,,,3,,X,,,,,,X,,X,X,,,,,X,,,,,,,,X,
Osprey,Pandion haliaetus,originalcore,Brown,Food from Supply,All players gain 1 [fish] from the supply.,,,,5,Platform,2,160,,,X,,,,1,,,,,1,,,,,,,,,,,,,X,,,X,,,,X,,,,X,
Painted Bunting ,Passerina ciris,originalcore,White,Other,Draw 2 new bonus cards and keep 1.,,,X,5,Bowl,4,23,,X,,1,2,,,,,,,3,,,,,,,,X,,X,,,,,,,,,X,,X,,,,X
Painted Whitestart,Myioborus pictus,swiftstart,Brown,,Gain 1 [invertebrate] from the supply.,,,,1,Ground,3,22,X,,,1,,,,,,,,1,,,,X,X,,,,,,X,,,X,X,,,,X,,,,,,
Parrot Crossbill,Loxia pytyopsittacus,european,Brown,Food-related,"Remove any 1 [die] from the birdfeeder, then gain 1 [seed] from the supply.",,,,6,Bowl,2,30,X,,,,3,,,,,,,3,X,,,,,,,X,,X,,,,,X,,,,X,,,,,,X
Peregrine Falcon ,Falco peregrinus,originalcore,Brown,Hunting/Fishing,"Look at a [card] from the deck. If <100cm, tuck it behind this bird. If not, discard it.",X,,,5,Platform,2,104,,X,X,,,,,2,,,,2,,,,,,X,,,X,,,X,,,,X,,,,X,,X,,,
Pied-Billed Grebe ,Podilymbus podiceps,originalcore,Brown,Card-drawing,"Draw 2 [card]. If you do, discard 1 [card] from your hand at the end of your turn.",,,,0,Platform,4,41,,,X,1,,,1,,,X,,1,X,,,,X,,,,,,,,X,,,,,,,X,,,,X,
Pileated Woodpecker ,Dryocopus pileatus,originalcore,Brown,Egg-laying,All players lay 1 [egg] on any 1 [cavity] bird. You may lay 1 [egg] on 1 additional [cavity] bird.,,,,4,Cavity,2,74,X,,,1,,1,,,,,,2,,,,,,,,,,,,,,,X,X,X,,,,,,X,,
Pine Siskin,Spinus pinus,originalcore,Brown,Flocking,"Tuck a [card] from your hand behind this bird. If you do, gain 1 [seed] from the supply.",,X,,3,Bowl,2,23,X,,,,2,,,,,,,2,,,,,X,,X,X,X,,,,,,X,,,,X,,,,,,X
Prothonotary Warbler,Protonotaria citrea,originalcore,,,,,,,8,Cavity,4,23,X,,X,2,1,,,,,,,3,,,,,,X,,X,,X,,,,,,,X,,X,,,,,,
Purple Gallinule ,Porphyrio martinicus,originalcore,Brown,Card-drawing,All players draw 1 [card] from the deck.,,,,7,Platform,4,56,,,X,,1,1,,,1,,,3,,,,X,,,,X,,X,,,,,,,,X,,X,,,X,X,
Purple Martin,Progne subis,originalcore,Brown,Flocking,"Tuck a [card] from your hand behind this bird. If you do, draw 1 [card].",,X,,2,Cavity,3,46,,X,X,1,,,,,,,,1,,,,X,X,X,X,,X,,,,,X,,,X,,,,,,,,
Pygmy Nuthatch,Sitta pygmaea,originalcore,Brown,Flocking,"Tuck a [card] from your hand behind this bird. If you do, gain 1 [invertebrate] or 1 [seed] from the supply.",,X,,2,Cavity,4,20,X,,,1,1,,,,,,,2,,,,,X,,X,X,X,,,,,,X,,X,,X,,,,,,
Red Crossbill,Loxia curvirostra,originalcore,Brown,Food from Supply,All players gain 1 [seed] from the supply.,,,,6,Bowl,2,28,X,,,,2,,,,,,,2,X,,,X,,,,X,,,,,,,X,,,,X,,,,,,X
Red Kite,Milvus milvus,european,White,Hunting and fishing,"Instead of paying any costs, you may play this bird on top of another bird on your player mat. Discard any eggs and food from that bird. It becomes a tucked card.",X,,,4,Platform,2,157,X,X,X,,,,,1,1,,X,2,,,,X,,X,,,X,,,X,,,,X,,X,,X,,X,,,
Red Knot,Calidris canutus,european,White,Other,Draw 1 new bonus card. Then draw 3 [card] and keep 1 of them.,,,X,7,Ground,2,50,,,X,3,,,,,,,,3,,,,X,,,,,,X,X,,,X,,,,,,,,,,X,
Red-Backed Shrike,Lanius collurio,european,Brown,Food-related,Steal 1 [invertebrate] from another player's supply and cache it on this bird. They gain 1 [die] from the birdfeeder.,,,,5,Bowl,2,33,,X,,1,,,,1,1,,,3,X,,,X,,,,,,X,,,,,,,,X,,,X,X,,,X
Red-Bellied Woodpecker ,Melanerpes carolinus,originalcore,Brown,Caching Food,Gain 1 [seed] from the birdfeeder (if available). You may cache it on this card.,,,,1,Cavity,3,41,X,,,1,1,,,,,X,,1,X,,,X,X,,,X,,,,,,,X,,X,,,,,,,,
Red-Breasted Merganser,Mergus serrator,swiftstart,Brown,,"Draw 2 [card]. If you do, discard 1 [card] from your hand at the end of your turn.",,,,3,Ground,4,78,,,X,1,,,1,,,,,2,X,,,X,X,,,,,,X,,X,,,X,,,,,,,,X,
Red-Breasted Nuthatch ,Sitta canadensis,originalcore,Brown,Caching Food,Gain 1 [seed] from the supply and cache it on this card.,,,,2,Cavity,3,23,X,,,1,1,,,,,X,,1,X,,,X,X,,,X,,,,,,,X,,X,,X,,,,,,
Red-Cockaded Woodpecker ,Picoides borealis,originalcore,White,Other,Draw 2 new bonus cards and keep 1.,,,X,4,Cavity,2,36,X,,,1,,1,,,,,,2,,,,X,,,,,,,,,,,X,,X,,,,,,X,,
Red-Crowned Crane,Grus japonensis,chinesepromo,White,,Draw 3 new bonus cards and keep 1.,,,X,7,Ground,1,235,,,X,1,1,,1,,,,,3,X,,,X,,,,X,,X,X,,X,,,X,,,,,,,,X,
Red-Eyed Vireo ,Vireo olivaceus,originalcore,White,Other,Play a second bird in your [forest]. Pay its normal cost.,,,,3,Wild,2,25,X,,,1,,1,,,,X,,1,X,,,X,X,,,,,,X,,,,X,,X,,X,X,,,X,,X
Red-Headed Woodpecker ,Melanerpes erythrocephalus,originalcore,Brown,Caching Food,Gain 1 [seed] from the birdfeeder (if available). You may cache it on this card.,,,,4,Cavity,3,43,X,X,X,1,1,,,,1,,,3,X,,,X,,X,,X,,X,,,,,,,X,X,,,,,,,
Red-Legged Partridge,Alectoris rufa,european,Brown,Egg-laying,"Lay 1 [egg] on each bird in this column, including this one.",,,,1,Ground,6,48,,X,,,3,,,,,,,3,X,,,X,X,,,X,,X,X,,,,,,,,,,X,,,,
Red-Shouldered Hawk ,Buteo lineatus,originalcore,Brown,Hunting/Fishing,"Look at a [card] from the deck. If <75cm, tuck it under this bird. If not, discard it.",X,,,3,Platform,2,102,X,,,,,,,1,,,,1,X,,,X,X,,,,X,,,X,,,X,X,,,,X,,X,,,
Red-Tailed Hawk ,Buteo jamaicensis,originalcore,Brown,Hunting/Fishing,"Look at a [card] from the deck. If <75cm, tuck it behind this bird. If not, discard it.",X,,,5,Platform,2,124,X,X,X,,,,,2,,,,2,X,,,X,,X,,,X,,,X,,,,X,,,,X,,X,,,
Red-Winged Blackbird ,Agelaius phoeniceus,originalcore,Brown,Flocking,"Tuck a [card] from your hand behind this bird. If you do, also lay 1 [egg] on this bird.",,X,,2,Bowl,3,33,,X,X,,1,,,,,,,1,X,,,X,X,X,X,X,X,,,,,,,,,,,,,,,,X
Ring-Billed Gull,Larus delawarensis,originalcore,Brown,Flocking,"Tuck a [card] from your hand behind this bird. If you do, draw 1 [card].",,X,,4,Ground,2,122,,,X,,,,,,2,,,2,X,,,,,,X,,X,,X,,,,,X,,X,,,,,,X,
Rose-Breasted Grosbeak ,Pheucticus ludovicianus,originalcore,Brown,Food from Birdfeeder,"Gain 1 [seed] or [fruit] from the birdfeeder, if there is one.",,,,6,Bowl,3,33,X,,,1,1,1,,,,,,3,X,,,X,,,,X,,X,,,,,X,,,,,,,,X,,X
Roseate Spoonbill ,Platalea ajaja,originalcore,White,Other,Draw 2 new bonus cards and keep 1.,,,X,6,Platform,2,127,,,X,1,1,,1,,,,,3,X,,,X,,,,X,,X,,,X,,,X,,,,X,,,,X,
Ruby-Crowned Kinglet ,Regulus calendula,originalcore,White,Other,Play a second bird in your [forest]. Pay its normal cost.,,,,2,Bowl,3,20,X,,,1,1,1,,,,X,,1,X,,,X,X,,,X,,,,,,,X,,,,X,,,,X,,X
Ruby-Throated Hummingbird,Archilochus colubris,originalcore,Brown,Food from Birdfeeder,"Each player gains 1 [die] from the birdfeeder, starting with the player of your choice.",,,,4,Bowl,2,10,X,X,X,,,,,,1,,,1,X,,,X,,X,,,,,,,,,,,,X,X,,,,,,X
Ruddy Duck,Oxyura jamaicensis,originalcore,Brown,Card-drawing,"Draw 2 [card]. If you do, discard 1 [card] from your hand at the end of your turn.",,,,0,Platform,5,48,,,X,1,1,,,,,X,,1,,,,X,X,,,X,,,,,,,,,,,,X,,,,X,
Ruff,Calidris pugnax,european,Teal,Flocking,Tuck up to 3 [card] from your hand behind this bird. Draw 1 [card] for each card you tucked.,,X,,2,Ground,2,56,,X,X,1,,,,,1,,,2,,,,,X,X,X,,X,,X,,,,,,,X,,,,,,,
Sandhill Crane,Antigone canadensis,originalcore,Brown,Flocking,Discard 1 [seed] to tuck 2 [card] from the deck behind this bird.,,X,,5,Ground,1,196,,X,X,,2,,,,1,,,3,,X,,,,X,X,X,X,X,X,,,,,X,,X,,,,,,,
Savannah Sparrow ,Passerculus sandwichensis,originalcore,White,Other,Play a second bird in your [grassland]. Pay its normal cost.,,,,2,Ground,3,18,,X,,1,1,,,,,X,,1,,X,,,X,,,X,,,X,,,,,,,,X,,X,,,,
Savi's Warbler,Locustella luscinioides,european,Brown,Card-drawing,Draw 2 [card]. All other players draw 1 [card] from the deck.,,,,1,Bowl,4,20,,,X,1,,,,,,,,1,,,X,,X,,,,,,,,,X,,,,,X,,,,,X,X
Say's Phoebe,Sayornis saya,originalcore,White,Egg-laying,Lay 1 [egg] on each of your birds with a [bowl] nest.,,,,5,Bowl,3,33,,X,,3,,,,,,,,3,,,X,,,,,,,X,,,,X,,,,,,,X,,,,X
Scaled Quail,Callipepla squamata,swiftstart,Brown,,Lay 1 [egg] on this bird.,,,,0,Ground,6,36,,X,,,1,,,,,,,1,,,,,X,,,X,,,X,,,,,,,,,,X,,,,
Scissor-Tailed Flycatcher ,Tyrannus forficatus,originalcore,Brown,Food from Supply,All players gain 1 [invertebrate] from the supply.,,,,8,Bowl,2,38,,X,,2,,1,,,,,,3,X,,,,,,,,,X,,,,,,,,,,,X,,X,,X
Short-Toed Treecreeper,Certhia brachydactyla,european,Brown,Other,"Discard 1 [egg] from any bird. If you do, play another bird in your [forest]. Pay its normal food and egg cost.",,,,2,Cavity,5,20,X,,,1,1,,,,,,,2,X,,,,X,,,X,,,,,,,X,,X,,X,,,,,,
Snow Bunting,Plectrophenax nivalis,european,Pink,Tucking,"When another player tucks a [card] for any reason, tuck 1 [card] from your hand behind this bird, then draw 1 [card] at the end of their turn.",,X,,5,Cavity,2,35,,X,X,1,1,,,,,,,2,,,,,,X,X,X,X,,,,,,,,X,,,,,,,,
Snowy Egret ,Egretta thula,originalcore,Brown,Hunting/Fishing,"Roll all dice not in birdfeeder. If any are [fish], gain 1 [fish] and cache it on this card.",X,,,4,Platform,2,104,,,X,1,,,1,,,X,,1,,,,X,,,,,,,,X,X,,,X,,,,X,,,,X,
Snowy Owl,Bubo scandiacus,european,White,Other,Draw 1 new bonus card. Then gain 1 [card] or lay 1 [egg] on any bird.,,,X,4,Ground,3,138,,X,X,,,,,2,,,,2,,,,X,,X,,,,,X,,,,,X,,,,,,X,,,
Song Sparrow ,Melospiza melodia,originalcore,Brown,Other,"If this bird is to the right of all other birds in its habitat, move it to another habitat.",,,,0,Bowl,5,20,X,X,X,1,1,1,,,,X,,1,,,,,X,X,,X,,,,,,,,,,,X,,,,X,,X
Spotted Owl,Strix occidentalis,originalcore,White,Other,Draw 2 new bonus cards and keep 1.,,,X,5,Cavity,1,102,X,,,,,,,2,,,,2,,,,,,,,,,,,,,,X,X,X,,,,,X,,,
Spotted Sandpiper ,Actitis macularius,originalcore,Brown,Card-drawing,All players draw 1 [card] from the deck.,,,,5,Ground,2,38,,,X,1,,,,,,,,1,,,,,,,,,,,X,,,X,,,,,,,,,,X,
Spotted Towhee ,Pipilo maculatus,originalcore,Brown,Food from Supply,Gain 1 [seed] from the supply.,,,,0,Ground,4,28,X,X,,1,1,1,,,,X,,1,,,,,X,X,,X,,,X,,,,,,,,X,,,,X,,
Sprague's Pipit,Anthus spragueii,originalcore,White,Other,Draw 2 new bonus cards and keep 1.,,,X,3,Ground,3,25,,X,,1,1,,,,,,,2,,,X,,X,,,X,,,X,,,,,,,,X,,X,,,,
Squacco Heron,Ardeola ralloides,european,Brown,Card-drawing,Gain 1 face-up [card] that can live in [wetland].,,,,3,Platform,2,86,,,X,1,,,1,,,,,2,,,,,X,,,,,,,,X,,,X,,,,X,,,,X,
Steller's Jay,Cyanocitta stelleri,originalcore,Brown,Caching Food,Gain 1 [seed] from the birdfeeder (if available). You may cache it on this card.,,,,5,Bowl,2,48,X,,,,2,,,,1,,,3,,,X,,,,,X,,X,,,,,X,,,X,,,,,,,X
Swainson's Hawk,Buteo swainsoni,originalcore,Brown,Hunting/Fishing,"Look at a [card] from the deck. If <75cm, tuck it behind this bird. If not, discard it.",X,,,5,Platform,2,130,,X,,1,,,,1,,,,2,,,X,,,,,,X,,,X,,,,X,,,,X,X,X,,,
Thekla's Lark,Galerida theklae,european,Brown,Egg-laying,"Discard 1 [seed] from your supply. If you do, lay 2 [egg] on this bird.",,,,4,Ground,3,34,,X,,2,1,,,,,,,3,,,X,,,,,X,,X,X,,,,,,,,,,X,,,,
Tree Swallow ,Tachycineta bicolor,originalcore,Brown,Flocking,"Tuck a [card] from your hand behind this bird. If you do, draw 1 [card].",,X,,3,Cavity,4,38,,,X,1,,1,,,,,,2,,,,,X,,X,,X,,,,,,,,X,,,,,,X,X,
Trumpeter Swan,Cygnus buccinator,originalcore,,,,,,,9,Ground,2,203,,,X,,2,,,,1,,,3,,,,,,,,X,,X,X,,,,,X,,X,,,,,,X,
Tufted Titmouse,Baeolophus bicolor,originalcore,White,Other,Play a second bird in your [forest]. Pay its normal cost.,,,,2,Cavity,3,25,X,,,1,1,1,,,,X,,1,,,,,X,,,X,,,,,,,X,,X,,X,,,,X,,
Turkey Vulture,Cathartes aura,originalcore,Pink,Food from Birdfeeder,"When another player's predator succeeds, gain 1 [die] from the birdfeeder.",,,,1,Cavity,1,170,X,X,X,,,,,,,,,0,,,,,X,X,,,,,,,,,,X,X,,,,,,,,
Vaux's Swift,Chaetura vauxi,swiftstart,Brown,,"Tuck a [card] from your hand behind this bird. If you do, gain 1 [invertebrate] from the supply.",,X,,2,Cavity,3,31,X,,,1,,,,,,,,1,,,X,,X,,X,,X,,,,,X,X,,X,,,,,,,,
Violet-Green Swallow ,Tachycineta thalassina,originalcore,Brown,Flocking,"Tuck a [card] from your hand behind this bird. If you do, draw 1 [card].",,X,,3,Cavity,3,36,X,X,X,2,,,,,,,,2,,,,X,X,X,X,,X,,,,,X,,,X,,,,,,,,
Western Meadowlark,Sturnella neglecta,originalcore,Brown,Egg-laying,All players lay 1 [egg] on any 1 [ground] bird. You may lay 1 [egg] on 1 additional [ground] bird.,,,,2,Ground,4,38,,X,,1,1,,,,,,,2,,X,,,X,,,X,,,X,,,,,,,,,,X,,,,
Western Tanager,Piranga ludoviciana,originalcore,Brown,Food from Birdfeeder,"Gain 1 [invertebrate] or [fruit] from the birdfeeder, if there is one.",,,,6,Bowl,2,30,X,,,2,,1,,,,,,3,,X,,,,,,,,X,,,,,X,,,,X,,,,X,,X
White Stork,Ciconia ciconia,european,Brown,Card-drawing,"Discard all remaining face-up [card] and refill the tray. If you do, draw 1 of the new face-up [card].",,,,8,Platform,2,160,,X,X,1,,,1,,1,,,3,,,,X,,X,,,,X,,,X,,,X,,X,,X,,,,,
White Wagtail,Motacilla alba,european,Teal,Other,"If you used all 4 types of actions this round, play another bird. Pay its normal food and egg cost.",,,,2,Bowl,5,28,,X,X,2,,,,,,,,2,X,,,X,X,X,,,,,,,,X,,,,,X,,,,,,X
White-Backed Woodpecker,Dendrocopos leucotos,european,Brown,Food-related,Gain 1 [die] from the birdfeeder.,,,,2,Cavity,2,39,X,,,1,,1,,,,X,,1,X,,,X,X,,,,,,,,,,X,,X,,,,,,X,,
White-Breasted Nuthatch ,Sitta carolinensis,originalcore,Brown,Caching Food,Gain 1 [seed] from the supply and cache it on this card.,,,,2,Cavity,3,28,X,,,1,1,,,,,X,,1,X,,,X,X,,,X,,,,,,,X,,X,,X,,,,,,
White-Crowned Sparrow ,Zonotrichia leucophrys,originalcore,Brown,Other,"If this bird is to the right of all other birds in its habitat, move it to another habitat.",,,,2,Ground,5,25,X,X,X,1,1,,,,,,,2,X,,,X,X,X,,X,,,X,,,,,,,,X,,,,,,
White-Faced Ibis ,Plegadis chihi,originalcore,Brown,Hunting/Fishing,"Roll all dice not in birdfeeder. If any are [fish], gain 1 [fish] and cache it on this card.",X,,,8,Platform,2,91,,,X,2,,,1,,,,,3,X,,,X,,,,,,X,,X,X,,,X,,,,X,,,,X,
White-Throated Dipper,Cinclus cinclus,european,Brown,Card-drawing,"Discard all remaining face-up [card] and refill the tray. If you do, draw 1 of the new face-up [card].",,,,3,Cavity,4,28,,,X,1,,,1,,,,,2,X,,,X,X,,,,,,,,X,,,,X,,X,,,,,X,
White-Throated Swift,Aeronautes saxatalis,swiftstart,Brown,,"Tuck a [card] from your hand behind this bird. If you do, lay 1 [egg] on any bird.",,X,,2,Cavity,2,38,,X,,1,,,,,,,,1,X,,,X,X,,X,,X,,,,,X,,,X,,,,X,,,,
Whooping Crane,Grus americana,originalcore,White,Other,Draw 2 new bonus cards and keep 1.,,,X,6,Ground,1,221,,,X,,,,,,3,,,3,,,,,,,,,,X,X,,,,,X,,X,,,,,,X,
Wild Turkey,Meleagris gallopavo,originalcore,,,,,,,8,Ground,5,135,X,X,,,2,1,,,,,,3,,,,,,X,,X,,X,X,,,,,X,,,,,,,X,,
Willet,Tringa semipalmata,originalcore,Brown,Hunting/Fishing,"Roll all dice not in birdfeeder. If any are [fish], gain 1 [fish] and cache it on this card.",X,,,4,Ground,2,66,,,X,1,,,1,,,X,,1,,,,,,,,,,,X,X,X,,,X,,,,,,,,X,
Wilson's Snipe,Gallinago delicata,originalcore,Brown,Card-drawing,All players draw 1 [card] from the deck.,,,,5,Ground,2,41,,,X,1,,,,,,,,1,,,X,,,,,,,,X,,,X,,,,,,,,,,X,
Wilson's Storm Petrel,Oceanites oceanicus,european,Brown,Card-drawing,"Draw 1 [card] for each empty card slot in this row. At the end of your turn, keep 1 and discard the rest.",,,,6,Wild,1,38,,,X,1,,,2,,,,,3,,,X,,,,,,,X,X,,X,,,,X,,,X,,,,X,X
Wood Duck,Aix sponsa,originalcore,Brown,Card-drawing,"Draw 2 [card]. If you do, discard 1 [card] from your hand at the end of your turn.",,,,4,Cavity,4,76,X,,X,,2,1,,,,,,3,,,,,,X,,X,,X,,,,,,X,X,,,,,,X,,
Wood Stork,Mycteria americana,originalcore,White,Other,Draw 2 new bonus cards and keep 1.,,,X,6,Platform,2,155,,,X,,,,1,1,1,,,3,,,,,,,,,,X,,,X,,,X,,X,,X,,X,,X,
Yellow-Bellied Sapsucker ,Sphyrapicus varius,originalcore,Brown,Food from Supply,Gain 1 [invertebrate] from the supply.,,,,3,Cavity,3,41,X,,,1,,1,,,,,,2,X,,,X,X,,,,,,,,,,X,,X,,,,,,X,,
Yellow-Billed Cuckoo,Coccyzus americanus,originalcore,Pink,Egg-laying,"When another player takes the ""lay eggs"" action, this bird lays 1 [egg] on another bird with a [bowl] nest.",,,,5,Platform,2,46,X,,,2,,,,,1,,,3,X,,,X,,,,,,X,,,,,X,,,X,,X,,,,,
Yellow-Breasted Chat ,Icteria virens,originalcore,Brown,Other,"If this bird is to the right of all other birds in its habitat, move it to another habitat.",,,,5,Bowl,3,25,X,X,X,1,,2,,,,,,3,X,,,X,,X,,,,X,,,,,,,,,X,,,,X,,X
Yellow-Headed Blackbird ,Xanthocephalus xanthocephalus,originalcore,Brown,Flocking,"Tuck a [card] from your hand behind this bird. If you do, also lay 1 [egg] on this bird.",,X,,4,Bowl,3,38,,,X,1,1,,,,,,,2,X,,,X,,,X,X,X,,,,,,,,,,,,,,,X,X
Yellow-Rumped Warbler ,Setophaga coronata,originalcore,Brown,Flocking,"Tuck a [card] from your hand behind this bird. If you do, draw 1 [card].",,X,,1,Bowl,4,23,X,,,1,1,1,,,,X,,1,X,,,X,X,,X,X,X,,,,,,X,,,,X,,,,X,,X
Yellowhammer,Emberiza citrinella,european,Teal,Other,"If you used all 4 types of actions this round, play another bird. Pay its normal food and egg cost.",,,,2,Ground,3,26,X,X,,,2,,,,,,,2,,,,X,X,X,,X,,,X,,,,,,,,X,,,,,,